Pontiffnumber,Pontificate,Name: English· Latin,Date_and_Place_of_birth,Age at start/end of papacy,Notes,Personal name
1,30–33 / 64–68,St PeterPETRVS,"AD 1 Bethsaida, Galilea, Roman Empire[birth 1]",29–32 / 62–67,"Born Jewish. First pope. Apostle of Jesus. According to Catholic tradition he received the keys of the Kingdom of Heaven (Matthew 16:18–19). Feast day (Feast of Saints Peter and Paul) 29 June. The Catholic Church recognizes him as the first Bishop of Rome appointed by Christ. Also revered as saint in Eastern Christianity, with a feast day of 29 June.[4] St. Peter's Basilica in Vatican City is named after him.",
2,64–68 / 76–79,St LinusLINVS,"10 AD Volterrae, Italia, Roman Empire[birth 2]",54–58 / 66–69,"First Roman pope.[5] Feast day 23 September. Also revered as a saint in Eastern Christianity, with a feast day of 7 June. Possibly mentioned in the New Testament (Second Epistle to Timothy 4:21).[6]",
3,76–79 / 88–91,St Anacletus(Cletus)ANACLETVS (CLETVS),"25 AD Athenae, Achaea, Roman Empire[birth 3]",51–54 / 63–66,First Greek pope. Feast day 26 April. Once erroneously split into Cletus and Anacletus.[7],
4,"26 April 88 –23 November 99(11 years, 211 days)",St Clement ICLEMENS,"c. 35 AD Roma, Italy, Roman Empire[birth 4]",53 / 64 (†66),"Roman. Feast day 23 November. The earliest Apostolic Father, issued 1 Clement which is said to be the basis of apostolic authority for the clergy. Also revered as a saint in Eastern Christianity, with a feast day of 25 November. Possibly mentioned in the New Testament (Epistle to the Philippians 4:3).[8] He was martyred by being tied to an anchor and being thrown in the sea.",
5,"23 November 99 –27 October 105(5 years, 338 days)",St EvaristusEVARISTVS,"c. 30 AD Bethlehem, Iudaea, Roman Empire[birth 5]",69 / 75,"Hellenized Jew. Said to have divided Rome into parishes, assigning a priest to each. Feast day of 26 October.",
6,"27 October 105 –3 May 115(9 years, 188 days)",St Alexander IALEXANDER,"c. 75 AD Rome, Italia, Roman Empire[birth 4]",30 / 40,"Roman. Inaugurated the custom of blessing houses with holy water. Also revered as a saint in Eastern Christianity, with a feast day of 18 March.",
7,"3 May 115 –3 April 125(9 years, 335 days)",St Sixtus ISYXTVS,"42 AD Rome, Italia, Roman Empire[birth 4]",73 / 83,"Greek. Feast day of 6 April. Also revered as a saint in Eastern Christianity, with a feast day of 10 August.",
8,"3 April 125 –5 January 136(10 years, 277 days)",St TelesphorusTELESPHORVS,"c. 67 AD Terra Nova, Italy, Roman Empire",58 / 69,"Greek. Feast day of 5 January. Also revered as a saint in Eastern Christianity, with a feast day of 22 February. Church Father St. Irenaeus called him a great martyr; the earliest attested martyrdom of pope after St. Peter.",
9,"5 January 136 –11 January 140(4 years, 6 days)",St HyginusHYGINVS,"c. 74 Athens, Achaea, Roman Empire[birth 3]",58 / 62,Greek. Tradition holds he was martyred; feast day 11 January.,
10,"11 January 140 –11 July 155(15 years, 181 days)",St Pius IPIVS,"c. 81 AD Aquileia, Italy, Roman Empire[birth 6]",59 / 74,"Roman, brother of Hermas. Martyred by sword; feast day 11 July. Decreed that Easter should only be celebrated on a Sunday.",
11,"11 July 155 –20 April 166(10 years, 283 days)",St AnicetusANICETVS,"c. 92 AD Emesa, Syria, Roman Empire[birth 7]",63 / 74,Hellenized Syrian; first Syrian pope. Tradition holds he was martyred; feast day 17 April. Decreed that priests are not allowed to have long hair.,
12,"20 April 166 –22 April 174(8 years, 2 days)",St SoterSOTERIVS,"c. 119 AD Fundi, Italia, Roman Empire[birth 6]",46 / 55,Greek. Tradition holds he was martyred; feast day 22 April. Declared that marriage was valid as a sacrament blessed by a priest; formally inaugurated Easter as an annual festival in Rome.,
13,"22 April 174 –26 May 189(15 years, 34 days)",St EleutheriusELEVTHERIVS,"c. 130 AD Nicopolis, Epirus, Roman Empire[birth 8]",45 / 59,Greek. Tradition holds he was martyred; feast day 6 May.,
14,"26 May 189 –28 July 199(10 years, 63 days)",St Victor IVICTOR,"c. 155 AD Africa, Roman Empire[birth 9]",34 / 44,Roman Berber; first pope to have been born on the continent of Africa. Known for excommunicating Theodotus of Byzantium. Quartodecimanism controversy.,
15,"28 July 199 –20 December 217(18 years, 145 days)",St ZephyrinusZEPHYRINVS,"c. 160 AD Rome, Italia, Roman Empire[birth 4]",39 / 57,"Roman. Combated against the adoptionist heresies of the followers of Theodotus the Byzantium who were ruled by Theodotus and Asclepiodotus. Although not physically martyred (murdered), he is called a martyr for the suffering he endured.",
16,"20 December 217 –14 October 222(4 years, 298 days)",St Callixtus ICALLIXTVS,"c. 155 AD Rome, Italia, Roman Empire[birth 4]",62 / 67,Greek. Martyred; feast day 14 October.,
17,"14 October 222 –23 May 230(7 years, 221 days)",St Urban IVRBANVS,"c. 175 AD Rome, Italia, Roman Empire[birth 4]",47 / 55,"Roman. Also revered as a saint in Eastern Christianity, with a feast day of 25 May.",
18,"21 August 230 –28 September 235(5 years, 38 days)",St PontianPONTIANVS,"c. 175 AD Rome, Italia, Roman Empire[birth 4]",55 / 60,"Roman. First to abdicate after exile to Sardinia by Emperor Maximinus Thrax. The Liberian Catalogue records his death on 28 September 235, the earliest exact date in papal history.[10][11]",
19,21 November 235 –3 January 236(43 days),St AnterusANTERVS,"c. 180 AD Petelia, Italy, Roman Empire",55 / 56,"Greek. Feast day 3 January. Also revered as a saint in Eastern Christianity, with a feast day of 5 August.",
20,"10 January 236 –20 January 250(14 years, 10 days)",St FabianFABIANVS,"c. 200 AD Rome, Italia, Roman Empire[birth 4]",36 / 50,"Roman. Divided the communities of Rome into seven districts, each supervised by a deacon. Feast day 20 January. Also revered as a saint in Eastern Christianity, with a feast day of 5 August.",
21,"6 March 251 –25 June 253(2 years, 111 days)",St CorneliusCORNELIVS,"c. 180 AD Rome, Italia, Roman Empire[birth 4]",71 / 73,Roman. Died as a martyr through extreme hardship; feast day 16 September.,
22,25 June 253 –5 March 254(253 days),St Lucius ILUCIVS,"c. 200 AD Rome, Italia, Roman Empire[birth 4]",48 / 49,Roman. Feast day 5 March.,
23,"12 March 254 –2 August 257(3 years, 143 days)",St Stephen ISTEPHANVS,"c. 205 AD Rome, Italia, Roman Empire[birth 4]",54 / 57,"Greek. Martyred by beheading; feast day 2 August. Also revered as a saint in Eastern Christianity, with the same feast day.",
24,30 August 257 –6 August 258(341 days),St Sixtus IISYXTVS Secundus,"c. 215 AD Athens, Achaea, Roman Empire[birth 3]",42 / 43,"Greek. Martyred by beheading. Also revered as a saint in Eastern Christianity, with a feast day of 10 August.",
25,"22 July 259 –26 December 268(9 years, 157 days)",St DionysiusDIONYSIVS,"c. 200 AD Terra Nova, Italy, Roman Empire",59 / 68,Greek. Feast day 26 December.,
26,"5 January 269 –30 December 274(5 years, 359 days)",St Felix IFELIX,"c. 206 AD Rome, Italy Roman Empire[birth 4]",63 / 68,Roman. Feast day 30 December.,
27,"4 January 275 –7 December 283(8 years, 337 days)",St EutychianEVTYCHIANVS,"c. 240 AD Luna, Italy, Roman Empire (Now Luni, Italy)",35 / 43,Roman. Feast day 8 December.,
28,"17 December 283 –22 April 296(12 years, 127 days)",St CaiusCAIVS,"c. 245 AD Salona, Dalmatia, Roman Empire",38 / 51,"Roman. Martyred by beheading (according to legend). Feast day 22 April. Also revered as a saint in Eastern Christianity, with a feast day of 11 August.",
29,"30 June 296 –26 April 304(7 years, 301 days)",St MarcellinusMARCELLINVS,"c. 250 AD Rome, Italy, Roman Empire[birth 4]",46 / 54,"Roman. Feast day 26 April. Also revered as a saint in Eastern Christianity, with a feast day of 7 June.",
30,27 May 308 –16 January 309(234 days),St Marcellus IMARCELLVS,"c. 255 AD Rome, Italy, Roman Empire[birth 4]",53 / 54,Roman. Feast day 16 January. Banished from Rome under Maxentius (309).,
31,"18 April 309 –17 August 310(1 year, 121 days)",St EusebiusEVSEBIVS,"c. 255 AD Sardinia, Roman Empire",54 / 54 (†55),"Greek. Feast day 17 August. Banished by the emperor Maxentius, and died in exile.",
32,"2 July 311 –10 January 314(2 years, 192 days)",St Miltiades(Melchiades)MILTIADES,"c. 270 AD Africa, Roman Empire",41 / 44,Roman Berber. Feast day 10 January. First pope after the end of the persecution of Christians through the Edict of Milan (313 AD) issued by Constantine the Great. Presided over the Lateran council of 313.,
33,"31 January 314 –31 December 335(21 years, 334 days)",St Sylvester ISILVESTER,"c. 285 AD Fanum Sancti Angeli de Scala, Apulia et Calabria, Roman Empire",29 / 50,"Roman. Feast day 31 December. Also revered as a saint in Eastern Christianity, with a feast day of 2 January. Pope during the First Council of Nicaea (325), the first ecumenical council. Under him was built: the Archbasilica of Saint John Lateran, Santa Croce in Gerusalemme and Old St. Peter's Basilica. Stated to be the recipient of the Donation of Constantine, which was later shown to be a forgery.",
34,18 January 336 –7 October 336(263 days),St MarkMARCVS,"c. 290 AD Rome, Italy, Roman Empire",46 / 46,"Roman. One of Mark's undertakings was to compile stories of the lives of martyrs and bishops before his time. There is some reason to believe he founded two churches in the area of Rome. One of them is still known to this day as the Church of San Marco, although it is greatly changed since his time. The other church was at the Catacomb of Balbina, a cemetery. Emperor Constantine gave gifts of land and furnishing for both buildings. Feast day 7 October.",
35,"6 February 337 –12 April 352(15 years, 66 days)",St Julius IIVLIVS,"c. 280 AD Rome, Italy, Roman Empire",57 / 72,"Roman. He was involved in the Arian controversy, supporting Athanasius of Alexandria.",
36,"17 May 352 –24 September 366(14 years, 130 days)",LiberiusLIBERIVS,"c. 310 AD Rome, Italy, Roman Empire",42 / 56,"Roman. Banished by the Arian-leaning Emperor Constantius II and later yielding to him. Earliest pope not canonized by the Latin Church. Revered as a saint in Eastern Christianity, with a feast day of 27 August.[12]",
37,"1 October 366 –11 December 384(18 years, 71 days)",St Damasus IDAMASVS,"c. 305 AD Egitania, Lusitania or Rome, Italy, Roman Empire",60 / 78,"Roman. The first pope from modern-day Portugal. Patron of Jerome, commissioned the Vulgate translation of the Bible. Pope during the First Council of Constantinople (381), the second ecumenical council. Council of Rome (382). First pope to be the official head of the church after the Emperor Gratian abdicates the title of ""Pontifex Maximus"".",
38,"17 December 384 –26 November 399(14 years, 344 days)",St SiriciusSIRICIVS,"c. 334 AD Rome, Italy, Roman Empire",50 / 65,"Roman. His famous letters—the earliest surviving texts of papal decretals—focus particularly on religious discipline and include decisions on baptism, consecration, ordination, penance, and continence. Siricius’ important decretal of 386 (written to Bishop Himerius of Tarragona), commanding celibacy for priests, was the first decree on this subject.[13]",
39,"27 November 399 –19 December 401(2 years, 22 days)",St Anastasius IANASTASIVS,"c. 340 AD Rome, Italy, Roman Empire",59 / 61,Roman. Instructed priests to stand and bow their heads as they read from the Gospels.,
40,"21 December 401 –12 March 417(15 years, 81 days)",St Innocent IINNOCENTIVS,"c. 378 AD Albanum, Latium et Campania, Roman Empire",41 / 57,Roman. Visigoth Sack of Rome (410) under Alaric I.,
41,"18 March 417 –26 December 418(1 year, 283 days)",St ZosimusZOSIMVS,"c. 370 AD Messurga, Lucania et Bruttii, Roman Empire",47 / 48,Greek.,
42,"28 December 418 –4 September 422(3 years, 250 days)",St Boniface IBONIFACIVS,"c. 377 AD Rome, Italy, Roman Empire",43 / 47,Roman.,
43,"10 September 422 –27 July 432(9 years, 321 days)",St Celestine ICAELESTINVS,"c. 380 AD Campania, Roman Empire",42 / 52,"Roman. Also revered as a saint in Eastern Christianity, with a feast day of 8 April. Pope during the Council of Ephesus (431), the third ecumenical council recognized by the Catholic, Eastern Orthodox, and Oriental Orthodox churches.",
44,"31 July 432 –18 August 440(8 years, 18 days)",St Sixtus IIISYXTVS Tertius,"c. 390 AD Rome, Italy, Roman Empire",42 / 50,Roman.,
45,"29 September 440 –10 November 461(21 years, 42 days)",St Leo I(Leo the Great)LEO MAGNVS,"c. 390 AD Etruria, Italia, Roman Empire",50 / 71,"Roman. Convinced Attila the Hun to turn back his invasion of Italy. Wrote the Tome which was instrumental in the Council of Chalcedon (451) and in defining the hypostatic union. Feast day 10 November. Also revered as a saint in Eastern Christianity, with a feast day of 18 February.",
46,"19 November 461 –29 February 468(6 years, 102 days)",St HilaryHILARIVS,"c. 400 AD Sardinia, Italy, Western Roman Empire",46 / 53,Roman.,
47,"3 March 468 –10 March 483(15 years, 7 days)",St SimpliciusSIMPLICIVS,"c. 430 AD Tibur, Italy, Western Roman Empire",38 / 53,Roman. Papacy during the collapse of the Western Roman Empire and subsequent overtaking of Rome and Italy in general by Odoacer.,
48,"13 March 483 –1 March 492(8 years, 354 days)",St Felix IIIFELIX Tertius,"c. 440 AD Rome, Italy, Western Roman Empire",43 / 52,Imperial Roman pope. Sometimes called Felix II. Great-great-grandfather of pope Gregory I.,
49,"1 March 492 –21 November 496(4 years, 265 days)",St Gelasius IGELASIVS,"c. 410 AD Mons Ferratus, Quinquegentiani, Africa, Western Roman Empire",82 / 86,"Roman Berber; the last pope to have been born on the continent of Africa. The first pope called the ""Vicar of Christ"".[14]",
50,"24 November 496 –19 November 498(1 year, 360 days)",Anastasius IIANASTASIVS Secundus,"c. 445 AD Rome, Italy, Western Roman Empire",51 / 53,Greek. Tried to end the Acacian schism but it resulted in the Laurentian schism. Earliest pope not canonized by either the Latin Church or the Eastern Church.,
51,"22 November 498 –19 July 514(15 years, 239 days)",St SymmachusSYMMACHVS,"c. 460 AD Sardinia, Italy, Western Roman Empire",38 / 54,Roman.,
52,"20 July 514 –6 August 523(9 years, 17 days)",St HormisdasHORMISDAS,"c. 450 AD Frusino, Italy, Western Roman Empire",64 / 73,Roman. Father of Pope Silverius. Acacian schism.,
53,"13 August 523 –18 May 526(2 years, 278 days)",St John IIOANNES,"c. 470 AD Sena Iulia, Italy, Western Roman Empire",53 / 56,Roman.,
54,"12 July 526 –22 September 530(4 years, 72 days)",St Felix IVFELIX Quartus,"c. 490 AD Samnium, Kingdom of Odoacer",36 / 40,Roman. Sometimes called Felix III. Built Santi Cosma e Damiano.,
55,"22 September 530 –17 October 532(2 years, 25 days)",Boniface IIBONIFACIVS Secundus,"c. 490 AD Rome, Kingdom of Odoacer",40 / 42,Ostrogoth; first Germanic pope. Changed the numbering of the years in the Julian Calendar from Ab Urbe Condita to Anno Domini.,
56,"2 January 533 –8 May 535(2 years, 126 days)",John IIIOANNES Secundus,"c. 473 AD Rome, Western Roman Empire",63 / 65,"Roman. First pope not to use his personal name, as it was associated with a Roman god, Mercury.",
57,13 May 535 –22 April 536(356 days),St Agapetus IAGAPETVS,"c. 490 AD Rome, Kingdom of Odoacer",45 / 46,"Roman. Feast days 22 April and 20 September. Also revered as a saint in Eastern Christianity, with a feast day of 17 April.",
58,8 June 536 –11 March 537(276 days),St SilveriusSILVERIVS,"c. 480 AD Cicanum, Ostrogothic Kingdom",56 / 57,"Roman. Exiled; feast day 20 June, son of Hormisdas.",
59,"29 March 537 –7 June 555(18 years, 70 days)",VigiliusVIGILIVS,"c. 500 AD Rome, Kingdom of Odoacer",37 / 55,"Roman. Pope during the Second Council of Constantinople (553), the fifth ecumenical council recognized by the Catholic and Eastern Orthodox churches.",
60,"16 April 556 –4 March 561(4 years, 322 days)",Pelagius IPELAGIVS,"c. 505 AD Rome, Ostrogothic Kingdom",51 / 56,Roman. Credited with the construction of the basilica of Santi Apostoli.,
61,"17 July 561 –13 July 574(12 years, 361 days)",John IIIIOANNES Tertius,"c. 520 AD Rome, Ostrogothic Kingdom",41 / 54,Roman. Second Pope not to use his personal name.,
62,"2 June 575 –30 July 579(4 years, 58 days)",Benedict IBENEDICTVS,"c. 525 AD Rome, Ostrogothic Kingdom",50 / 54,Roman.,
63,"26 November 579 –7 February 590(10 years, 73 days)",Pelagius IIPELAGIVS Secundus,"c. 520 AD Rome, Ostrogothic Kingdom",59 / 70,Romanized Ostrogoth. Ordered the construction of the Basilica di San Lorenzo fuori le Mura.,
64,"3 September 590 –12 March 604(13 years, 191 days)",St Gregory I(Gregory the Great)GREGORIVS MAGNVS,"c. 540 AD Rome, Eastern Roman Empire",50 / 64,"Last imperial Roman Pope. Great-great-grandson of pope Felix III. The first formally to employ the titles Servus servorum Dei and Pontifex Maximus. Established the Gregorian chant. Feast day 3 September. Also revered as a saint in Eastern Christianity, with a feast day of 12 March. Known as ""the Father of Christian Worship"". Known as ""St. Gregory the Dialogist"" in Eastern Orthodoxy.",
65,"13 September 604 –22 February 606(1 year, 162 days)",SabinianSABINIANVS,"c. 530 AD Blera, Eastern Roman Empire",74 / 76,Roman. For the next two centuries the Roman popes were all controlled by the Byzantine Empire.,
66,19 February 607 –12 November 607(266 days),Boniface IIIBONIFACIVS Tertius,"c. 540 AD Rome, Eastern Roman Empire",67 / 67,Greek.,
67,"15 September 608 –8 May 615(6 years, 235 days)",St Boniface IVBONIFACIVS Quartus,"c. 550 AD Marsica, Eastern Roman Empire",58 / 65,Roman. First pope to bear the same name as his immediate predecessor. Member of the Order of Saint Benedict.,
68,"13 November 615 –8 November 618(2 years, 360 days)",St Adeodatus IADEODATVS or DEVSDEDIT,"c. 570 AD Rome, Eastern Roman Empire",55 / 58,"Roman. Sometimes called Deusdedit. The first pope to use lead seals on papal documents, which in time came to be called papal bulls.",
69,"23 December 619 –25 October 625(5 years, 306 days)",Boniface VBONIFACIVS Quintus,"c. 575 AD Neapolis, Eastern Roman Empire",44 / 50,Roman.,
70,"27 October 625 –12 October 638(12 years, 350 days)",Honorius IHONORIVS,"c. 585 AD Ceperanum, Campania, Eastern Roman Empire",40 / 53,Roman. Named a heretic and anathematized by the Third Council of Constantinople. (680),
71,28 May 640 –2 August 640(66 days),SeverinusSEVERINVS,"c. 585 AD Rome, Eastern Roman Empire",55 / 55,Roman.,
72,"24 December 640 –12 October 642(1 year, 292 days)",John IVIOANNES Quartus,"c. 587 AD Iadera, Dalmatia, Eastern Roman Empire",40 / 42,Roman.,
73,"24 November 642 –14 May 649(6 years, 171 days)",Theodore ITHEODORVS,"c. 610 AD Hierosolyma, Eastern Roman Empire",32 / 39,"Greek. The last pope from Palestine. Planned the Lateran Council of 649, but died before it could open.",
74,"5 July 649 –12 November 655(6 years, 130 days)",St Martin IMARTINVS,"c. 590 AD Near Tuder, Umbria, Eastern Roman Empire",59 / 65,"Roman. Last pope recognized as a martyr. Feast day of 12 November. Also revered as a saint in Eastern Christianity, with a feast day of 14 April.",
75,"10 August 654 –2 June 657(2 years, 296 days)",St Eugene IEVGENIVS,"c. 615 AD Rome, Duchy of Rome(formally Eastern Roman Empire)",39 / 42,Roman.,
76,"30 July 657 –27 January 672(14 years, 181 days)",St VitalianVITALIANVS,"c. 600 Signia, Duchy of Rome(formally Eastern Roman Empire)",57 / 72,Roman.,
77,"11 April 672 –17 June 676(4 years, 67 days)",Adeodatus IIADEODATVS Secundus,"c. 621 Rome, Duchy of Rome(formally Eastern Roman Empire)",51 / 55,"Roman. Sometimes called Adeodatus, without a number, in reference to Adeodatus I sometimes being called Deusdedit. Member of the Order of Saint Benedict.",
78,"2 November 676 –11 April 678(1 year, 160 days)",DonusDONVS,"c. 610 Rome, Duchy of Rome(formally Eastern Roman Empire)",66 / 68,Roman.,
79,"27 June 678 –10 January 681(2 years, 197 days)",St AgathoAGATHO,"c. 577 Panormus, Sicily, Eastern Roman Empire",101 / 104,"Greek. Also revered as a saint in Eastern Christianity, with a feast day of 20 February. Pope during the Third Council of Constantinople (680), the sixth ecumenical council accepted by the Catholic and Eastern Orthodox churches.",
80,17 August 682 –3 July 683(320 days),St Leo IILEO Secundus,"c. 611 Aydonum, Sicily, Eastern Roman Empire",71 / 72,Greek. Feast day 3 July.,
81,26 June 684 –8 May 685(316 days),St Benedict IIBENEDICTVS Secundus,"c. 635 Rome, Duchy of Rome(formally Eastern Roman Empire)",49 / 50,Roman. Feast day 7 May.,
82,"23 July 685 –2 August 686(1 year, 10 days)",John VIOANNES Quintus,"c. 635 Antiochia, Syria, Eastern Roman Empire",50 / 51,Greek.,
83,21 October 686 –21 September 687(335 days),CononCONON,"c. 630 Thracia, Eastern Roman Empire",56 / 57,Greek.,
84,"15 December 687 –8 September 701(13 years, 267 days)",St Sergius ISERGIVS,"c. 650 Palermo, Sicily, Eastern Roman Empire",37 / 51,Hellenized Syrian. Introduced the singing of the Lamb of God at mass.[14],
85,"30 October 701 –11 January 705(3 years, 73 days)(1169)",John VIIOANNES Sextus,"c. 650 Ephesus, Eastern Roman Empire",46 / 50,Greek. The only pope who came from Asia Minor.,Ioannes
86,"1 March 705 –18 October 707(2 years, 231 days)(961)",John VIIIOANNES Septimus,"c. 655 Rossanum, Calabria, Eastern Roman Empire",55 / 57,Greek. The second pope to bear the same name as his immediate predecessor.,Ioannes
87,15 January 708 –4 February 708(20 days)(20),SisinniusSISINNIVS,"c. 650 Syria, Rashidun Caliphate",58 / 58,Syrian.,Sisinnius
88,"25 March 708 –9 April 715(7 years, 15 days)(2571)",ConstantineCONSTANTINVS,"c. 664 Syria, Umayyad Caliphate",44 / 51,"Syrian. Last pope to visit Greece while in office, until John Paul II in 2001.",Constantinus
89,"19 May 715 –11 February 731(15 years, 268 days)(5747)",St Gregory IIGREGORIVS Secundus,"c. 669 Rome, Duchy of Rome(Eastern Roman Empire)",46 / 62,Roman. Feast day 11 February. Held the Synod of Rome (721).,Gregorius
90,"18 March 731 –28 November 741(10 years, 255 days)(3908)",St Gregory IIIGREGORIVS Tertius,"c. 669 Syria, Umayyad Caliphate",41 / 51,Syrian; the last pope from Syria. The third pope to bear the same name as his immediate predecessor. Last pope to have been born outside Europe until the election of Francis in 2013.,Gregorius
91,"3 December 741 –22 March 752(10 years, 110 days)(3762)",St ZacharyZACHARIAS,"c. 679 Sancta Severina, Calabria, Eastern Roman Empire",62 / 73,Greek. Feast day 15 March. Built the church of Santa Maria sopra Minerva.,Zacharias
92,"26 March 752 –26 April 757(5 years, 31 days)(1857)",Stephen IISTEPHANVS Secundus,"c. 714 Rome, Duchy of Rome(formally Eastern Roman Empire)",38 / 43,Roman. Sometimes called Stephen III. The Donation of Pepin. Brother of Paul I.,Stephanus
93,"29 May 757 –28 June 767(10 years, 30 days)(3682)",St Paul IPAVLVS,"c. 700 Rome, Duchy of Rome(formally Eastern Roman Empire)",57 / 67,Roman. Brother of Stephen II.,Paulus
94,"7 August 768 –24 January 772(3 years, 170 days)(1265)",Stephen IIISTEPHANVS Tertius,"c. 723 Syracuse, Sicily, Eastern Roman Empire",45 / 49,Greek. Sometimes called Stephen IV. He summoned the Lateran Council (769).,Stephanus
95,"1 February 772 –26 December 795(23 years, 328 days)(8729)",Adrian IHADRIANVS,"c. 700–12 Rome, Duchy of Rome(formally Eastern Roman Empire)",72–60 / 95–83,"Roman. Pope during the Second Council of Nicaea (787), the seventh ecumenical council accepted by the Catholic and Eastern Orthodox churches.",Hadrianus
96,"26 December 795 –12 June 816(20 years, 169 days)(7474)",St Leo IIILEO Tertius,"c. 750 Rome, Duchy of Rome(formally Eastern Roman Empire)",45 / 66,"Roman. Crowned Charlemagne emperor on Christmas Day, 800, thereby initiating what would become the Holy Roman Empire, requiring the imprimatur of the pope for its ruler's legitimacy.",Leo
97,22 June 816 –24 January 817(216 days)(216),Stephen IVSTEPHANVS Quartus,"c. 770 Rome, Papal States",46 / 47,First pope born in Rome after breaking away from the Roman Empire. Sometimes called Stephen V.,Stephanus
98,"25 January 817 –11 February 824(7 years, 17 days)(2573)",St Paschal IPASCHALIS,"c. 775 Rome, Papal States",42 / 49,"Italian. Son of Bonosus and Episcopa Theodora. Credited with finding the body of Saint Cecilia in the Catacomb of Callixtus, building the basilica of Santa Cecilia in Trastevere and the church of Santa Maria in Domnica.",Paschalis
99,"8 May 824 –27 August 827(3 years, 111 days)(1206)",Eugene IIEVGENIVS Secundus,"c. 780 Rome, Papal States",44 / 47,Italian.,Eugenius
100,31 August 827 –10 October 827(40 days)(40),ValentineVALENTINVS,"c. 780 Rome, Papal States",47 / 47,Italian.,Valentinus
101,"20 December 827 –25 January 844(16 years, 36 days)(5880)",Gregory IVGREGORIVS Quartus,"c. 790 Rome, Papal States",37 / 54,Italian. Rebuilt the atrium of St. Peter’s Basilica and in the newly decorated chapel transferred the body of Gregory I.,Gregorius
102,"25 January 844 –27 January 847(3 years, 2 days)(1098)",Sergius IISERGIVS Secundus,"c. 790 Rome, Papal States",54 / 57,Italian.,Sergius
103,"10 April 847 –17 July 855(8 years, 98 days)(3020)",St Leo IVLEO Quartus,"c. 790 Rome, Papal States",57 / 65,Lombard. Member of the Order of Saint Benedict.,Leo
104,"29 September 855 –17 April 858(2 years, 200 days)(931)",Benedict IIIBENEDICTVS Tertius,"c. 810 Rome, Papal States",45 / 48,Italian.,Benedictus
105,"24 April 858 –13 November 867(9 years, 203 days)(3490)",St Nicholas I(Nicholas the Great)NICOLAVS MAGNVS,"c. 800 Rome, Papal States",39 / 48,Italian. Encouraged missionary activity.,Nicolaus
106,"14 December 867 –14 December 872(5 years, 0 days)(1827)",Adrian IIHADRIANVS Secundus,"c. 792 Rome, Papal States",75 / 80,"Italian. Pope during the Council of Constantinople IV (869), the eighth ecumenical council of the Catholic Church.",Hadrianus
107,"14 December 872 –16 December 882(10 years, 2 days)(3654)",John VIIIIOANNES Octavus,"c. 820 Rome, Papal States",52 / 62,Italian. First pope to be assassinated.,Ioannes
108,"16 December 882 –15 May 884(1 year, 151 days)(516)",Marinus IMARINVS,"c. 830 Gallese, Papal States",52 / 54,Italian. Erroneously also known as Martin II.,Marinus
109,"17 May 884 –15 September 885(1 year, 121 days)(486)",St Adrian IIIHADRIANVS Tertius,"c. 830 Rome, Papal States",49 / 50,Italian. Feast day 8 July. Adrian I was possibly his ancestor.,Hadrianus
110,"14 September 885 –4 September 891(5 years, 355 days)(2181)",Stephen VSTEPHANVS Quintus,"c. 840 Rome, Papal States",45 / 51,Italian. Sometimes called Stephen VI.,Stephanus
111,"6 October 891 –4 April 896(4 years, 181 days)(1642)",FormosusFORMOSVS,"c. 805–16 Ostia, Papal States",75–85 / 80–91,Italian. In early 897 posthumously executed following the Cadaver Synod. His body was reburied with full Christian honors in 897.,Formosus
112,11 April 896 –26 April 896(15 days)(15),Boniface VIBONIFATIVS Sextus,"c. 806 Rome, Papal States",90 / 90,Italian.,Bonifatius
113,"22 May 896 –14 August 897(1 year, 84 days)(449)",Stephen VISTEPHANVS,"c. 850 Rome, Papal States",46 / 47,Italian. Sometimes called Stephen VII. Held the infamous Cadaver Synod.,Stephanus
114,14 August 897 –Nov 897(92 days)(92),RomanusROMANVS,"c. 850 Gallese, Papal States",47 / 47,Italian.,Romanus
115,December 897 –20 December 897(19 days)(19),Theodore IITHEODORVS Secundus,"c. 840 Rome, Papal States",57 / 57,Greek.,Theodorus
116,"18 January 898 –5 January 900(1 year, 352 days)(717)",John IXIOANNES Nonus,"c. 840 Tivoli, Papal States",58 / 60,Lombard. Member of the Order of Saint Benedict.,Ioannes
117,"1 February 900 –30 July 903(3 years, 179 days)(1274)",Benedict IVBENEDICTVS Quartus,"c. 840 Rome, Papal States",60 / 63,Italian.,Benedictus
118,30 July 903 –Dec 903(124 days)(124),Leo VLEO Quintus,"c. 845 Ardea, Papal States",58 / 58 (†59),Italian. Deposed and murdered.,
119,"29 January 904 –14 April 911(7 years, 75 days)(2632)",Sergius IIISERGIVS Tertius,"c. 860 Rome, Papal States",44 / 51,"Italian. ""Saeculum obscurum"" begins. The first pope to be depicted with the Papal Tiara.",
120,"14 April 911 –June 913(2 years, 48 days)(779)",Anastasius IIIANASTASIVS Tertius,"c. 865 Rome, Papal States",46 / 48,Italian.,
121,7 July 913 –5 February 914(213 days)(213),LandoLANDO,"c. 865 Sabina, Papal States",48 / 49,Italian.,
122,"March 914 –28 May 928(14 years, 88 days)(5202)",John XIOANNES Decimus,"c. 860 Tossignano, Papal States",54 / 68,Italian.,
123,28 May 928 –Dec 928(187 days)(187),Leo VILEO Sextus,"c. 880 Rome, Papal States",48 / 48,Italian.,
124,"3 February 929 –13 February 931(2 years, 10 days)(740)",Stephen VIISTEPHANVS Septimus,"c. 880 Rome, Papal States",49 / 51,Italian. Sometimes called Stephen VIII.,
125,"15 March 931 –Dec 935(4 years, 261 days)(1722)",John XIIOANNES Undecimus,"c. 910 Rome, Papal States",21 / 25,"Italian. Probably, according to the Liber Pontificalis and Liutprand of Cremona, the son of Pope Sergius III, and not of Alberic I of Spoleto, who was Marozia's husband.",
126,"3 January 936 –13 July 939(3 years, 191 days)(1287)",Leo VIILEO Septimus,"c. 885 Rome, Papal States",41 / 44,Italian. Member of the Order of Saint Benedict.,
127,"14 July 939 –30 October 942(3 years, 108 days)(1204)",Stephen VIIISTEPHANVS Octavus,"c. 900 Rome, Papal States",39 / 42,Italian. Sometimes called Stephen IX.,
128,"30 October 942 –1 May 946(3 years, 183 days)(1279)",Marinus IIMARINVS Secundus,"c. 900 Rome, Papal States",42 / 46,Italian.,
129,"10 May 946 –8 November 955(9 years, 182 days)(3469)",Agapetus IIAGAPETVS Secundus,"c. 905 Rome, Papal States",41 / 50,Italian.,
130,26 February 964 –14 May 964(78 days)(78),John XIIIOANNES Duodecimus,"c. 937 Rome, Papal States",27-34 / 27-34,Italian. Possibly murdered in 964.,
130,"16 December 955 –6 December 963(8 years, 356 days)(3278)",John XIIIOANNES Duodecimus,"c. 930–37 Rome, Papal States",18–25 / 26–33,"Italian. Third pope not to use his personal name (Octavian). Deposed in 963 by Emperor Otto invalidly; end of the ""Saeculum obscurum"".",
131,22 May 964 –23 June 964(32 days)(32),Benedict VBENEDICTVS Quintus,"c. 915 Rome, Papal States",49 / 49 (†50),"Italian. Elected by the people of Rome, in opposition to Leo VIII who was appointed by Emperor Otto; he accepted his own deposition in 964 leaving Leo VIII as the sole pope.",
132,23 June 964 –1 March 965(251 days)(251),Leo VIIILEO Octavus,"c. 915 Rome, Papal States",49 / 50,"Italian. His pontificate from 963 to 964 is considered illegitimate by today's Catholic Church. An appointee of Emperor Otto I, his pontificate occurred during the period known as the Saeculum obscurum.",
133,"1 October 965 –6 September 972(6 years, 341 days)(2532)",John XIIIIOANNES Tertius Decimus,"c. 930 Rome, Papal States",35 / 42,"Italian. Chronicled after his death as ""the Good"".",
134,"19 January 973 –8 June 974(1 year, 140 days)(505)",Benedict VIBENEDICTVS Sextus,"c. 925 Rome, Papal States",48 / 49,Lombard. Deposed and murdered.,
135,"October 974 –10 July 983(8 years, 282 days)(3204)",Benedict VIIBENEDICTVS Septimus,"c. 930 Rome, Papal States",44 / 53,Italian.,
136,December 983 –20 August 984(263 days)(263),John XIVIOANNES Quartus Decimus,"c. 940 Pavia, Kingdom of Italy, Holy Roman Empire",43 / 44,Italian. Fourth pope not to use his personal name (Pietro Canepanova).,
137,"20 August 985 –1 April 996(10 years, 225 days)(3877)",John XVIOANNES Quintus Decimus,"c. 950 Rome, Papal States",35 / 46,Italian. The first pope to formally canonize a saint.,
138,"3 May 996 –18 February 999(2 years, 291 days)(1021)",Gregory VGREGORIVS Quintus,"c. 972 Stainach, Duchy of Carinthia, Holy Roman Empire",24 / 27,"The first official German pope and fifth not to use his personal name (Bruno). Henceforth, this decision became tradition among future popes.",
139,"2 April 999 –12 May 1003(4 years, 40 days)(1500)",Sylvester IISILVESTER Secundus,"c. 940–42 Belliac, France",52–54 / 56–58,"Born Gerbert, the first French (Occitan) pope.",
140,16 May 1003 –6 November 1003(174 days),John XVIIIOANNES Septimus Decimus,"c. 955 Rome, Papal States",48 / 48,Italian.,Siccone Secchi
141,"25 December 1003 –18 July 1009(5 years, 205 days)",John XVIIIIOANNES Duodevicesimus,"c. 965 Rapagnano,Papal States",43 / 49,Italian.,Giovanni Fasano
142,"31 July 1009 –12 May 1012(2 years, 286 days)",Sergius IVSERGIVS Quartus,"c. 970 Rome, Papal States",39 / 42,Italian.,Pietro Martino BoccadiporcoO.S.B.
143,"18 May 1012 –9 April 1024(11 years, 327 days)",Benedict VIIIBENEDICTVS Octavus,"c. 980 Rome, Papal States",32 / 44,Italian.,Teofilatto di Tuscolo
144,"14 May 1024 –6 October 1032(8 years, 145 days)",John XIXIOANNES Undevicesimus,"c. 975 Rome, Papal States",49 / 57,Italian. Brother of Benedict VIII.,Romano di Tuscolo
145,"21 October 1032 –31 December 1044(12 years, 71 days)",Benedict IXBENEDICTVS Nonus,"Rome, Papal States",20 / 32 (†43),Italian; first term.,Teofilatto di Tuscolo
146,13 January 1045 –10 March 1045(56 days),Sylvester IIISILVESTER Tertius,"c. 1000 Rome, Papal States",45 / 45 (†63),Italian. Validity of election questioned; considered antipope; deposed at the Council of Sutri.,Giovanni dei Crescenzi Ottaviani
147,10 March 1045 –1 May 1045(52 days),Benedict IXBENEDICTVS Nonus,"Rome, Papal States",33 / 33 (†43),Italian. Second term; deposed at the Council of Sutri.,Teofilatto di Tuscolo
148,"5 May 1045 –20 December 1046(1 year, 229 days)",Gregory VIGREGORIVS Sextus,"c. 1000 Rome, Papal States",45 / 46 (†48),Italian. Deposed at the Council of Sutri.,Giovanni Graziano Pierleoni
149,24 December 1046 –9 October 1047(289 days),Clement IICLEMENS Secundus,"c. 967 Hornburg, Duchy of Saxony, Holy Roman Empire",79 / 80,German. Appointed by King Henry III at the Council of Sutri; crowned Henry III as emperor.,Suidger von Morsleben-Hornburg
150,8 November 1047 –17 July 1048(252 days),Benedict IXBENEDICTVS Nonus,"1012 Rome, Papal States",35 / 36 (†43),Italian. Third term; deposed and excommunicated.,Teofilatto di Tuscolo
151,17 July 1048 –9 August 1048(23 days),Damasus IIDAMASVS Secundus,"c. 1000 Pildenau, Duchy of Bavaria, Holy Roman Empire",48 / 48,German.,Poppo de Curagnoni
152,"12 February 1049 –19 April 1054(5 years, 66 days)",St Leo IXLEO Nonus,"21 July 1002 Eguisheim, Duchy of Swabia, Holy Roman Empire",47 / 51,"German. In 1054, mutual excommunications of Leo IX and Patriarch of Constantinople Michael I Cerularius began the East–West Schism. The anathematizations were rescinded by Pope Paul VI and Patriarch Athenagoras in 1965.[15]",Bruno von Egisheim-Dagsburg
153,"13 April 1055 –28 July 1057(2 years, 106 days)",Victor IIVICTOR Secundus,"c. 1018 Duchy of Swabia, Holy Roman Empire",37 / 39,German.,Gebhard II von Calw-Dollnstein-Hirschberg
154,2 August 1057 –29 March 1058(239 days),Stephen IXSTEPHANVS Nonus (Decimus),"c. 1020 Duchy of Lorraine, Holy Roman Empire",37 / 38,German. Sometimes called Stephen X. Member of the Order of Saint Benedict.,FrederichO.S.B.
155,"6 December 1058 –27 July 1061(2 years, 233 days)",Nicholas IINICOLAVS Secundus,"c. 980 Château de Chevron, County of Savoy, Holy Roman Empire",78 / 81,French. In 1059 the College of Cardinals was designated the sole body of pope electors in the document In nomine Domini. (Papal conclave).,Gerald de Bourgogne
156,"30 September 1061 –21 April 1073(11 years, 203 days)",Alexander IIALEXANDER Secundus,"c. 1018 Baggio, Milan, Holy Roman Empire",46 / 58,Italian. Authorised the Norman conquest of England in 1066.,Anselmo da Baggio
157,"22 April 1073 –25 May 1085(12 years, 33 days)",St Gregory VIIGREGORIVS Septimus,"c. 1015 Sovana, March of Tuscany, Holy Roman Empire",48 / 60,"Lombard. Initiated the Gregorian Reforms. Restricted the use of the papal title to the bishop of Rome.[4] Member of the Order of Saint Benedict. Political struggle with Emperor Henry IV, who had to go to Canossa (1077).",Ildebrando Aldobrandeschi di SoanaO.S.B.
158,"24 May 1086 –16 September 1087(1 year, 115 days)",Bl. Victor IIIVICTOR Tertius,"c. 1026 Benevento, Duchy of Benevento",60 / 61,Lombard. Member of the Order of Saint Benedict. Called the Synod of Benevento (1087) condemning lay investiture.,Dauferio Epifani Del ZottoO.S.B.
159,"12 March 1088 –29 July 1099(11 years, 139 days)",Bl. Urban IIVRBANVS Secundus,"c. 1042 Châtillon-sur-Marne, County of Champagne, France",46 / 57,French. Preached and started the First Crusade. Member of the Order of Saint Benedict.,Odon de LageryO.S.B.
160,"13 August 1099 –21 January 1118(18 years, 161 days)",Paschal IIPASCHALIS Secundus,"c. 1050 Bleda, March of Tuscany, Holy Roman Empire",49 / 68,Lombard. Member of the Order of Saint Benedict. Ordered the building of the basilica of Santi Quattro Coronati.,Rainero RanieriO.S.B.
161,"24 January 1118 –29 January 1119(1 year, 5 days)",Gelasius IIGELASIVS Secundus,"c. 1061 Gaeta, Duchy of Gaeta",57 / 58,Italian.,Giovanni CaetaniO.S.B.
162,"2 February 1119 –13 December 1124(5 years, 315 days)",Callixtus IICALLISTVS Secundus,"c. 1060 Quingey, Franche-Comté",59 / 64,French. Opened the First Council of the Lateran in 1123.,Guy
163,"21 December 1124 –13 February 1130(5 years, 54 days)",Honorius IIHONORIVS Secundus,"9 February 1060 Fiagnano, Romagna, Holy Roman Empire",64 / 70,Italian. Canon Regular of S. Maria di San Reno. Approved the new military order of the Knights Templar in 1128.,Lamberto Scannabecchi da FiagnanoCan.Reg.
164,"14 February 1130 –24 September 1143(13 years, 222 days)",Innocent IIINNOCENTIVS Secundus,"c. 1082 Rome, Papal States",48 / 61,"Italian. Canon regular of Lateran. Convened the Second Council of the Lateran, 1139.",Gregorio PapareschiCan.Reg.
165,26 September 1143 –8 March 1144(164 days),Celestine IICOELESTINVS Secundus,"c. 1085 Città di Castello, Papal States",58 / 59,Italian.,Guido Guelfuccio de Castello
166,12 March 1144 –15 February 1145(340 days),Lucius IILUCIVS Secundus,"c. 1079 Bologna, Holy Roman Empire",65 / 66,Italian. Canon Regular of S. Frediano di Lucca.,Gherardo Caccianemici dall'OrsoCan.Reg.
167,"15 February 1145 –8 July 1153(8 years, 143 days)",Bl. Eugene IIIEVGENIVS Tertius,"c. 1080 Montemagno, Republic of Pisa",44 / 73,Italian. Member of the Order of Cistercians. Announced the Second Crusade.,Pietro dei Paganelli di MontemagnoO.Cist.[16]
168,"12 July 1153 –3 December 1154(1 year, 144 days)",Anastasius IVANASTASIVS Quartus,"c. 1073 Rome, Papal States",80 / 81,Italian.,Corrado Demitri della Suburra
169,"4 December 1154 –1 September 1159(4 years, 271 days)",Adrian IVHADRIANVS Quartus,"c. 1100 Abbots Langley, Hertfordshire, Kingdom of England",54 / 59,"The only English (Anglo-Saxon) pope; purportedly granted Ireland to Henry II, King of England. Canon Regular of St. Rufus Monastery.",Nicholas BreakspearCan.Reg.
170,"7 September 1159 –30 August 1181(21 years, 357 days)",Alexander IIIALEXANDER Tertius,"c. 1100 Siena, Republic of Siena",59 / 81,"Italian. Convened the Third Council of the Lateran, 1179.",Rolando Bandinelli
171,"1 September 1181 –25 November 1185(4 years, 85 days)",Lucius IIILUCIVS Tertius,"c. 1097 Lucca, March of Tuscany, Holy Roman Empire",84 / 88,Italian.,Ubaldo Allucignoli
172,"25 November 1185 –20 October 1187(1 year, 329 days)",Urban IIIVRBANVS Tertius,"c. 1120 Cuggiono, Holy Roman Empire",67 / 67,Italian.,Uberto Crivelli
173,21 October 1187 –17 December 1187(57 days),Gregory VIIIGREGORIVS Octavus,"c. 1100 Benevento, Papal States",87 / 87,Italian. Canon Regular Premostratense. Proposed the Third Crusade.,Alberto de MorraCan.Reg.
174,"19 December 1187 –20 March 1191[17](3 years, 91 days)",Clement IIICLEMENS Tertius,"c. 1130 Rome, Papal States",57 / 61,Italian.,Paolo Scolari
175,"30 March 1191 –8 January 1198(6 years, 284 days)",Celestine IIICOELESTINVS Tertius,"c. 1106 Rome, Papal States",85 / 92,"Motto: Perfice gressus meos in semitis tuis (""Going in Thy path"")Italian.",Giacinto Bobone Orsini
176,"8 January 1198 –16 July 1216(18 years, 190 days)",Innocent IIIINNOCENTIVS Tertius,"1161 Gavignano, Papal States",37 / 55,"Italian. Convened the Fourth Council of the Lateran, 1215. Initiated the Fourth Crusade but later distanced himself from it and threatened participants with excommunication when it became clear that the leadership abandoned a focus on conquest of the Holy Land and instead intended to sack Christian cities.[18] Endorsed the Franciscan Order.",Lotario dei Conti di Segni
177,"18 July 1216 –18 March 1227(10 years, 243 days)",Honorius IIIHONORIVSTertius,"c. 1148–50 Rome, Papal States",66–68 / 77–79,Italian. Initiated the Fifth Crusade. Approved several religious and tertiary orders.,Cencio Savelli
178,"19 March 1227 –22 August 1241(14 years, 156 days)",Gregory IXGREGORIVS Nonus,"c. 1145–70 Anagni, Papal States",57–82 / 71–96,Italian. Initiated the inquisition in France and endorsed the Northern Crusades.,"Ugolino dei Conti di Segni, O.F.S"
179,25 October 1241 –10 November 1241(16 days),Celestine IVCOELESTINVS Quartus,"c. 1180–87 Milan, Italy, Holy Roman Empire",54–61 / 54–61,Italian. Died before coronation.,Goffredo Castiglioni
180,"25 June 1243 –7 December 1254(11 years, 165 days)",Innocent IVINNOCENTIVS Quartus,"c. 1195 Genoa, Republic of Genoa, Holy Roman Empire",48 / 60,Italian. Convened the First Council of Lyons (1245). Issued the bull Ad extirpanda that permitted the torture of heretics (1252).,Sinibaldo Fieschi
181,"12 December 1254 –25 May 1261(6 years, 164 days)",Alexander IVALEXANDER Quartus,"c. 1199 Jenne, Papal States",55 / 62,Italian. Established an Inquisition in France.,Rinaldo dei Conti di Jenne
182,"29 August 1261 –2 October 1264(3 years, 34 days)",Urban IVVRBANVS Quartus,"c. 1195 Troyes, County of Champagne, France",66 / 69,French. Instituted the feast of Corpus Christi (1264).,Jacques Pantaléon
183,"5 February 1265 –29 November 1268(3 years, 298 days)",Clement IVCLEMENSQuartus,"23 November 1190 Saint-Gilles, Languedoc, France",62 / 66,French.,Gui Faucoi
184,"1 September 1271 –10 January 1276(4 years, 131 days)",Bl. Gregory XGREGORIVS Decimus,"c. 1210 Piacenza, Italy, Holy Roman Empire",51 / 66,Italian. Convened the Second Council of Lyons (1274). Responsible for regulation all papal conclaves until the 20th century.,"Tebaldo Visconti, O.F.S"
185,21 January 1276 –22 June 1276(153 days),Bl. Innocent VINNOCENTIVS Quintus,"c. 1224/5 County of Savoy, Holy Roman Empire",52 / 52,French. Member of the Dominican Order.,"Pierre de Tarentaise, O.P."
186,11 July 1276 –18 August 1276(38 days),Adrian VHADRIANVS Quintus,"c. 1216 Genoa, Republic of Genoa, Holy Roman Empire",60 / 60,Italian. Annulled Gregory X's papal bull on the regulations of papal conclaves.,Ottobuono Fieschi
187,8 September 1276 –20 May 1277(254 days),John XXIIOANNES Vicesimus Primus,"c. 1215 Lisbon, Portugal",60 / 70,"Portuguese. Due to a confusion over the numbering of popes named John in the 13th century, the ordinal XX was skipped.",Pedro Julião (a.k.a. Petrus Hispanus and Pedro Hispano)
188,"25 November 1277 –22 August 1280(2 years, 271 days)",Nicholas IIINICOLAVSTertius,"c. 1216 Rome, Papal States",61 / 64,Italian. Planned the Sicilian Vespers.,Giovanni Gaetano Orsini
189,"22 February 1281 –28 March 1285(4 years, 34 days)",Martin IVMARTINVS Quartus,"c. 1210 Meinpicien, Touraine, France",71 / 75,French.,Simon de Brion
190,"2 April 1285 –3 April 1287(2 years, 1 day)",Honorius IVHONORIVS Quartus,"c. 1210 Rome, Papal States",75 / 77,Italian.,Giacomo Savelli
191,"22 February 1288 –4 April 1292(4 years, 42 days)",Nicholas IVNICOLAVS Quartus,"30 September 1227 Lisciano, Papal States",60 / 64,Italian. Member of the Franciscan Order.,"Girolamo Masci, O.F.M."
192,5 July 1294 –13 December 1294(161 days),St Celestine VCOELESTINVS Quintus,"c. 1207–09 Sant'Angelo Limosano, Kingdom of Sicily",85–87 / 85–87 (†87–89),Italian. One of the few popes who abdicated voluntarily. Member of the Order of Saint Benedict. Founded the Celestines. Resigned from office and rumored to have been murdered in prison by Boniface VIII.,"Pietro Angelerio, O.S.B."
193,"24 December 1294 –11 October 1303(8 years, 291 days)",Boniface VIIIBONIFATIVS Octavus,"c. 1230–36 Anagni, Papal States",59–64 / 68–73,Italian. Formalized the Jubilee in 1300. Issued Unam Sanctam (1302) which proclaimed papal supremacy and pushing it to its historical extreme.,Benedetto Caetani
194,22 October 1303 –7 July 1304(259 days),Bl. Benedict XIBENEDICTVS Undecimus,"c. 1240 Treviso, Papal States",63 / 64,"Motto: Illustra faciem Tuam super servum Tuum (""Let Your Face shine upon Your servant"") Italian. Member of the Dominican Order. Reverted Boniface VIII's Unam Sanctam.","Niccolò Boccasini, O.P."
195,"5 June 1305 –20 April 1314(8 years, 319 days)",Clement VCLEMENS Quintus,"c. 1264 Villandraut, Gascony, France",41 / 50,French. Pope at Avignon. Convened the Council of Vienne (1311–1312). Initiated the persecution of the Knights Templar with the bull Pastoralis Praeeminentiae under pressure from King Philip IV of France.,Raymond Bertrand de Gouth
196,"7 August 1316 –4 December 1334(18 years, 119 days)",John XXIIIOANNES Vicesimus Secundus,"c. 1244–49 Cahors, Quercy, France",67–72 / 85–90,"French. Pope at Avignon. Controversial for his views on the Beatific Vision. Opposed the Franciscan understanding of the poverty of Christ and his apostles, famously leading William of Ockham to write against unlimited papal power",Jacques d'Euse; Jacques Duèse
197,"20 December 1334 –25 April 1342(7 years, 126 days)",Benedict XIIBENEDICTVS Duodecimus,"c. 1280–85 Saverdun, County of Foix, France",49–54 / 57–62,French. Pope at Avignon. Member of the Order of Cistercians. Known for issuing the Apostolic constitution Benedictus Deus (1336). A careful pope who reformed monastic orders and opposed nepotism.,"Jacques Fournier, O.Cist."
198,"7 May 1342 –6 December 1352(10 years, 213 days)",Clement VICLEMENS Sextus,"c. 1291 Maumont, Limousin, France",51 / 61,French. Pope at Avignon. Reigned during the Black Death and absolved those who died of it of their sins.,"Pierre Roger, O.S.B."
199,"18 December 1352 –12 September 1362(9 years, 268 days)",Innocent VIINNOCENTIVS Sextus,"c. 1282 Les Monts, Limousin, France",70 / 80,French. Pope at Avignon. Through his exertions the Treaty of Brétigny (1360) was brought about.,Étienne Aubert
200,"28 September 1362 –19 December 1370(8 years, 82 days)",Bl. Urban VVRBANVS Quintus,"c. 1309–10 Grizac, Languedoc, France",52–53 / 60–61,French. Pope at Avignon. Member of the Order of Saint Benedict. Reformed areas of education and sent missionary movements across Europe and Asia. His pontificate witnessed the Alexandrian and Savoyard crusades.,"Guillaume (de) Grimoard, O.S.B."
201,"30 December 1370 –27 March 1378(7 years, 87 days)",Gregory XIGREGORIVS Undecimus,"c. 1329 Maumont, Limousin, France",41 / 49,French. Pope at Avignon; returns to Rome. The last French pope.,Pierre Roger de Beaufort
202,"8 April 1378 –15 October 1389(11 years, 190 days)",Urban VIVRBANVS Sextus,"c. 1318 Naples, Kingdom of Naples",60 / 71,Italian. Western Schism. Last pontiff to be elected outside the College of Cardinals.,Bartolomeo Prignano
203,"2 November 1389 –1 October 1404(14 years, 334 days)",Boniface IXBONIFATIVS Nonus,"c. 1348–50 Naples, Kingdom of Naples",c. 39-41 / c. 54-56,Italian. Western Schism.,Pietro Tomacelli Cybo
204,"17 October 1404 –6 November 1406(2 years, 20 days)",Innocent VIIINNOCENTIVS Septimus,"1336–39 Sulmona, Kingdom of Naples",65–68 / 67–71,Italian. Reigned during the Western Schism.,Cosimo Gentile Migliorati
205,"30 November 1406 –4 July 1415(8 years, 216 days)",Gregory XIIGREGORIVS Duodecimus,"14 May 1324 Venice, Republic of Venice",82 / 91 (†92),Italian. Reigned during the Western Schism.,Angelo Correr
206,"11 November 1417 –20 February 1431(13 years, 101 days)",Martin VMARTINVS Quintus,"Jan/Feb 1369 Genazzano, Papal States",48 / 62,Italian. His election effectively ended the Western Schism (1378–1417). Convened the Council of Basel (1431). Initiated the Hussite Wars.,"Oddone Colonna, O.F.S"
207,"3 March 1431 –23 February 1447(15 years, 357 days)",Eugene IVEVGENIVS Quartus,"1383 Venice, Republic of Venice",47 / 63,"Italian. Member of the Augustinian Order. Nephew of Gregory XII. Crowned Emperor Sigismund at Rome in 1433. Transferred the Council of Basel to Ferrara. It was later transferred again, to Florence, because of the Bubonic plague. Issued the bull ""Creator Omnium"", rescinding any recognition of Portugal's right to conquer those islands, still pagan. He excommunicated anyone who enslaved newly converted Christians, the penalty to stand until the captives were restored to their liberty and possessions","Gabriele Condulmer, O.S.A."
208,"6 March 1447 –24 March 1455(8 years, 18 days)",Nicholas VNICOLAVS Quintus,"13 November 1397 Sarzana, Republic of Genoa",49 / 57,Italian. Held the Jubilee of 1450. Crowned Emperor Frederick III at Rome (1452). Issued the bull Dum Diversas allowing Portugal's right to conquer and subjugate Saracens and pagans (1452). Created a library in the Vatican which would eventually become the Bibliotheca Apostolica Vaticana.,Tommaso Parentucelli
209,"8 April 1455 –6 August 1458(3 years, 120 days)",Callixtus IIICALLISTVS Tertius,"31 December 1378 Xàtiva, Kingdom of Valencia, Crown of Aragon",76 / 79,"The first Spanish (Valencian) pope. Ordered the Feast of the Transfiguration to be celebrated on 6 August. Ordered the retrial of Joan of Arc, in which she was vindicated. Initiated the custom that bells be rung at midday to remind the faithful to pray for the crusaders. The tradition of the Angelus noon bell still exists in most Catholic Churches to this day. Appointed two nephews as cardinals, one of whom became Pope Alexander VI.",Alfonso de Borja
210,"19 August 1458 –15 August 1464(5 years, 362 days)",Pius IIPIVS Secundus,"18 October 1405 Corsignano, Republic of Siena",52 / 58,Italian. Displayed a great interest in urban planning. Founded Pienza near Siena as the ideal city in 1462. Known for his work on the Commentaries.,Enea Silvio Piccolomini
211,"30 August 1464 –26 July 1471(6 years, 330 days)",Paul IIPAVLVS Secundus,"23 February 1417 Venice, Republic of Venice",47 / 54,Italian. The nephew of Eugene IV. Built the Palazzo San Marco (now Palazzo Venezia). Approved the introduction of printing in the Papal States.,Pietro Barbo
212,"9 August 1471 –12 August 1484(13 years, 3 days)",Sixtus IVSYXTVS Quartus,"21 July 1414 Celle Ligure, Republic of Genoa",57 / 70,"Italian. Member of the Franciscan Order. Commissioned the Sistine Chapel and created the Vatican Archives. Authorized the Spanish Inquisition targeting converted Jewish Christians in Spain at the request of the Catholic Monarchs of Spain. A patron of the arts, he brought together the group of artists who ushered the Early Renaissance into Rome with the first masterpieces of the city's new artistic age. Noted for his nepotism and involved in the Pazzi conspiracy.","Francesco della Rovere, O.F.M."
213,"29 August 1484 –25 July 1492(7 years, 331 days)",Innocent VIIIINNOCENTIVS Octavus,"1432 Genoa, Republic of Genoa",51 / 59,Italian. Appointed Tomás de Torquemada. Endorsed the prosecution of witchcraft in the bull Summis desiderantes affectibus (1484).,Giovanni Battista Cybo
214,"11 August 1492 –18 August 1503(11 years, 7 days)",Alexander VIALEXANDER Sextus,"1 January 1431 Xàtiva, Kingdom of Valencia, Crown of Aragon",61 / 72,"Spanish (Valencian); Nephew of Callixtus III; father to Cesare Borgia and Lucrezia Borgia. Divided the extra-European world between Spain and Portugal in the bull Inter caetera (1493). Considered one of the most controversial of the Renaissance popes, partly because he acknowledged fathering several children by his mistresses. As a result, his Italianized Valencian surname, Borgia, became a byword for libertinism and nepotism, which are traditionally considered as characterizing his pontificate",Roderic Llançol i de Borja
215,22 September 1503 –18 October 1503(26 days),Pius IIIPIVS Tertius,"29 May 1439 Siena, Republic of Siena",64 / 64,Italian. Nephew of Pius II. Founded the Piccolomini Library in the Siena Cathedral.,Francesco Todeschini Piccolomini
216,"31 October 1503 –21 February 1513(9 years, 113 days)",Julius IIIVLIVS Secundus,"5 December 1443 Albisola, Republic of Genoa",59 / 69,"Italian. Nicknamed the 'Warrior Pope' or the 'Fearsome Pope'. Nephew of Sixtus IV; convened the Fifth Council of the Lateran (1512). Took control of all the Papal States for the first time. Became Pope in the context of the Italian Wars, a period in which the major powers of Europe fought for primacy in the Italian peninsula. Established the Vatican Museums and initiated the rebuilding of the St. Peter's Basilica. The same year he organized the famous Swiss Guard for his personal protection and commanded a successful campaign in Romagna against local lords. The interests of Julius II lay also in the New World as he ratified the Treaty of Tordesillas, establishing the first bishoprics in the Americas and beginning the catholicization of Latin America. In 1508, he commissioned the Raphael Rooms and Michelangelo's paintings in the Sistine Chapel. Julius II was described by Machiavelli in his works as the ideal prince. Pope Julius II allowed people seeking indulgences to donate money to the Church which would be used for the construction of Saint Peter's Basilica.","Giuliano della Rovere, O.F.M."
217,"9 March 1513 –1 December 1521(8 years, 267 days)",Leo XLEO Decimus,"11 December 1475 Florence, Republic of Florence",37 / 45,"Italian. Son of Lorenzo the Magnificent. Closed the Fifth Council of the Lateran. Remembered for granting indulgences to those who donated to rebuild St. Peter's Basilica; excommunicated Martin Luther (1521). Extended the Spanish Inquisition into Portugal. Borrowed and spent money without circumspection and was a significant patron of the arts. Under his reign, progress was made on the rebuilding of St. Peter's Basilica and artists such as Raphael decorated the Vatican rooms. Leo also reorganised the Roman University, and promoted the study of literature, poetry and antiquities. The last pope to not have been in priestly orders at the time of his election to the papacy.",Giovanni di Lorenzo de' Medici
218,"9 January 1522 –14 September 1523(1 year, 248 days)",Adrian VIHADRIANVS Sextus,"2 March 1459 Utrecht, Bishopric of Utrecht, Holy Roman Empire (now Netherlands)",62 / 64,"Motto: Patere et sustine (""Respect and wait"")[25] The only Dutch pope; last non-Italian to be elected pope until John Paul II in 1978. Tutor of Emperor Charles V. Came to the papacy in the midst of one of its greatest crises, threatened not only by Lutheranism to the north but also by the advance of the Ottoman Turks to the east. He refused to compromise with Lutheranism theologically, demanding Luther's condemnation as a heretic. However, he is noted for having attempted to reform the Catholic Church administratively in response to the Protestant Reformation. Adrian's remarkable admission that the turmoil of the Church was the fault of the Roman Curia itself was read at the 1522–1523 Diet of Nuremberg. His efforts at reform, however, proved fruitless, as they were resisted by most of his Renaissance ecclesiastical contemporaries, and he did not live long enough to see his efforts through to their conclusion.",Aryaen Floriszoon Boeyens
219,"26 November 1523 –25 September 1534(10 years, 303 days)",Clement VIICLEMENS Septimus,"26 May 1478 Florence, Republic of Florence",45 / 56,"Motto: Candor illæsus (""Unharmed candor"")[26] Italian. Cousin of Leo X. Rome sacked by imperial troops (1527). Forbade the divorce of Henry VIII; crowned Charles V as emperor at Bologna (1530). Commissioned Michelangelo's painting of The Last Judgment in the Sistine Chapel (1533). Approved Copernicus’ heliocentric universe theory (1533). His niece was married to the future Henry II of France (1533). Recognized the Order of Friars Minor Capuchin (Capuchins).",Giulio di Giuliano de' Medici
220,"13 October 1534 –10 November 1549(15 years, 28 days)",Paul IIIPAVLVS Tertius,"29 February 1468 Canino, Lazio, Papal States",66 / 81,Italian. Opened the Council of Trent (1545). His illegitimate son became the first duke of Parma. Decreed the second and final excommunication of King Henry VIII of England. Appointed Michelangelo to supervise construction of St. Peter's Basilica (1546). Recognized the Order of the Society of Jesus (Jesuits).,Alessandro Farnese
221,"7 February 1550 –29 March 1555(5 years, 50 days)",Julius IIIIVLIVS Tertius,"10 September 1487 Rome, Lazio, Papal States",62 / 67,Italian. Established the Collegium Germanicum (1552). Reconvened the Council of Trent. The Innocenzo Scandal.,Giovanni Maria Ciocchi del Monte
222,9 April 1555 –1 May 1555(22 days),Marcellus IIMARCELLVS Secundus,"6 May 1501 Montefano, Marche, Papal States",53 / 53,Italian. The last to use his birth name as the regnal name. Instituted immediate economies in Vatican expenditures. The Missa Papae Marcelli composed in his honour.,Marcello Cervini degli Spannochi
223,"23 May 1555 –18 August 1559(4 years, 87 days)",Paul IVPAVLVS Quartus,"28 June 1476 Capriglia Irpina, Campania, Kingdom of Naples",78 / 83,"Motto: Dominus mihi adjutor (""The Lord is my helper"")[27] Italian. Member of the Theatines. Established the Roman Ghetto in Cum Nimis Absurdum (1555) and established the Index of Forbidden Books. Ordered Michelangelo to repaint the nudes of The Last Judgment modestly.","Giovanni Pietro Carafa, C.R."
224,"26 December 1559 –9 December 1565(5 years, 348 days)",Pius IVPIVS Quartus,"31 March 1499 Milan, Duchy of Milan",60 / 66,Italian. Reopened and closed the Council of Trent. Ordered public construction to improve the water supply of Rome. Instituted the Tridentine Creed.,Giovanni Angelo Medici
225,"7 January 1566 –1 May 1572(6 years, 115 days)",St Pius VPIVS Quintus,"17 January 1504 Bosco, Piedmont, Duchy of Milan",61 / 68,"Motto: Utinam dirigantur viæ meæ ad custodiendas (""It binds us to keep"")[28] Italian. Member of the Dominican Order. Excommunicated Queen Elizabeth I of England (1570). Battle of Lepanto (1571); instituted the feast of Our Lady of Victory. Issued the 1570 Roman Missal.","Antonio Ghislieri, O.P."
226,"13 May 1572 –10 April 1585(12 years, 332 days)",Gregory XIIIGREGORIVS Tertius Decimus,"7 January 1502 Bologna, Emilia-Romagna, Papal States",70 / 83,"Motto: Aperuit et clausit (""Opened and closed"")[29] Italian. Reformed the calendar (1582); built the Gregorian Chapel in the Vatican. The first pope to bestow the Immaculate Conception as patroness to the Philippine Islands through the bull Ilius Fulti Præsido (1579). Strengthened diplomatic ties with Asian nations.",Ugo Boncompagni
227,"24 April 1585 –27 August 1590(5 years, 125 days)",Sixtus VSYXTVS Quintus,"13 December 1521 Grottammare, Marche, Papal States",63 / 68,Italian. Member of the Conventual Franciscan Order. Known for fixing and completing building works to major basilicas in Rome. Limited the College of Cardinals to 70 in number; doubled the number of curial congregations.,"Felice Peretti di Montalto, O.F.M. Conv."
228,15 September 1590 –27 September 1590(12 days),Urban VIIVRBANVS Septimus,"4 August 1521 Rome, Lazio, Papal States",69 / 69,"Italian. Supported by the Spanish. Shortest-reigning pope; died before coronation. Set the first known worldwide smoking ban, banning smoking in and near all churches.",Giovanni Battista Castagna
229,5 December 1590 –16 October 1591(315 days),Gregory XIVGREGORIVS Quartus Decimus,"11 February 1535 Somma Lombardo, Lombardy, Duchy of Milan",55 / 56,Italian. Modified the constitution Effraenatam of Sixtus V so that the penalty for abortion did not apply until the foetus became animated (1591). Made gambling on papal elections punishable by excommunication.,Niccolò Sfondrati
230,29 October 1591 –30 December 1591(62 days),Innocent IXINNOCENTIVS Nonus,"20 July 1519 Bologna, Emilia-Romagna, Papal States",72 / 72,Italian. Supported the cause of King Philip II of Spain and the Catholic League against King Henry IV of France in the French Wars of Religion. Prohibited the alienation of church property.,Giovanni Antonio Facchinetti
231,"30 January 1592 –3 March 1605(13 years, 32 days)",Clement VIIICLEMENS Octavus,"24 February 1536 Fano, Marche, Papal States",55 / 69,Italian. Initiated an alliance of European Christian powers to partake in the war with the Ottoman Empire known as The Long War (1595). Convened the Congregatio de Auxiliis which addressed doctrinal disputes between the Dominicans and Jesuits regarding free will and divine grace.[30],Ippolito Aldobrandini
232,1 April 1605 –27 April 1605(26 days),Leo XILEO Undecimus,"2 June 1535 Florence, Duchy of Florence",69 / 69,"Italian. The great-nephew of Leo X. Called ""Papa Lampo"" (Lightning Pope) for his brief pontificate.",Alessandro Ottaviano de' Medici
233,"16 May 1605 –28 January 1621(15 years, 257 days)",Paul VPAVLVS Quintus,"17 September 1550 Rome, Lazio, Papal States",52 / 68,"Motto: Absit nisi in te gloriari (""May it be absent, except to glory in you"")[31] Italian. Known for various building projects which included the facade of St Peter's Basilica. Established the Bank of the Holy Spirit (1605); restored the Aqua Traiana.",Camillo Borghese
234,"9 February 1621 –8 July 1623(2 years, 149 days)",Gregory XVGREGORIVS Quintus Decimus,"9 January 1554 Bologna, Emilia-Romagna, Papal States",67 / 69,Italian. Established the Congregation for the Propagation of the Faith (1622). Issued the bull Aeterni Patris (1621) which imposed conclaves to be by secret ballot. Issued the constitution Omnipotentis Dei against magicians and witches (1623).,Alessandro Ludovisi
235,"6 August 1623 –29 July 1644(20 years, 358 days)",Urban VIIIVRBANVS Octavus,"5 April 1568 Florence, Grand Duchy of Tuscany",55 / 76,Italian. Trial against Galileo Galilei. The last pope to expand papal territory by force of arms. Issued a 1624 bill that made the use of tobacco in holy places punishable by excommunication.,Maffeo Barberini
236,"15 September 1644 –7 January 1655(10 years, 114 days)",Innocent XINNOCENTIVS Decimus,"6 May 1574 Rome, Lazio, Papal States",70 / 80,"Motto: Alleviatæ sunt aquæ super terram (""Water on earth"")[32] Italian. The great-great-great-grandson of Alexander VI. Erected the Fontana dei Quattro Fiumi in Piazza Navona. Promulgated the apostolic constitution Cum occasione (1653) which condemned five doctrines of Jansenism as heresy.",Giovanni Battista Pamphilj
237,"7 April 1655 –22 May 1667(12 years, 45 days)",Alexander VIIALEXANDER Septimus,"13 February 1599 Siena, Grand Duchy of Tuscany",56 / 68,Italian. Great-nephew of Paul V. Commissioned St. Peter's Square. Issued the constitution Sollicitudo Omnium Ecclesiarum that set the doctrine of the Immaculate Conception almost identical to that of Pius IX centuries later.,Fabio Chigi
238,"20 June 1667 –9 December 1669(2 years, 172 days)",Clement IXCLEMENS Nonus,"28 January 1600 Pistoia, Grand Duchy of Tuscany",67 / 69,"Motto: Aliis non sibi Clemens (""Clement to others, not to himself"")[33] Italian. Mediated in the peace of Aachen (1668).",Giulio Rospigliosi
239,"29 April 1670 –22 July 1676(6 years, 84 days)",Clement XCLEMENS Decimus,"13 July 1590 Rome, Lazio, Papal States",79 / 86,"Motto: Bonum auget malum minuit (""He increases good and diminishes evil"")[34] Italian. Canonized the first saint from the Americas: St. Rose of Lima (1671). Decorated the bridge of Sant' Angelo with the ten statues of angels and added one of the two fountains that adorn the piazza of St. Peter's. Established regulations for the removal of relics of saints from cemeteries.",Emilio Bonaventura Altieri
240,"21 September 1676 –12 August 1689(12 years, 325 days)",Bl. Innocent XIINNOCENTIVS Undecimus,"16 May 1611 Como, Lombardy, Duchy of Milan",65 / 78,"Motto: Avarus non Implebitur (""The covetous man is not satisfied"")[35] Italian. Condemned the doctrine of mental reservation (1679) and initiated the Holy League. Extended the Holy Name of Mary as a universal feast (1684). Admired for positive contributions to catechesis.",Benedetto Odescalchi
241,"6 October 1689 –1 February 1691(1 year, 118 days)",Alexander VIIIALEXANDER Octavus,"22 April 1610 Venice, Republic of Venice",79 / 80,Italian. Condemned the so-called philosophical sin (1690).,Pietro Vito Ottoboni
242,"12 July 1691 –27 September 1700(9 years, 77 days)",Innocent XIIINNOCENTIVS Duodecimus,"13 March 1615 Spinazzola, Apulia, Kingdom of Naples",76 / 85,Italian. Issued the bull Romanum decet Pontificem to stop nepotism (1692). Erected various charitable and educational institutions.,"Antonio Pignatelli, O.F.S"
243,"23 November 1700 –19 March 1721(20 years, 116 days)",Clement XICLEMENS Undecimus,"23 July 1649 Urbino, Marche, Papal States",51 / 71,Italian. The Chinese Rites controversy. Patronized the first archaeological excavations in the Roman catacombs and made the feast of the Immaculate Conception universal.[14],Giovanni Francesco Albani
244,"8 May 1721 –7 March 1724(2 years, 304 days)",Innocent XIIIINNOCENTIVS Tertius Decimus,"13 May 1655 Poli, Lazio, Papal States",65 / 68,Italian. Prohibited the Jesuits from prosecuting their mission in China ordering that no new members should be received into the order. Issued the papal bull Apostolici Ministerii (1724) to revive ecclesiastical discipline in Spain.,Michelangelo dei Conti
245,"29 May 1724 –21 February 1730(5 years, 268 days)",S.D. Benedict XIIIBENEDICTVS Tertius Decimus,"2 February 1649 Gravina in Puglia, Bari, Kingdom of Naples",75 / 81,Italian. Member of the Dominican Order; third and last member of the Orsini family to be pope. Originally called Benedict XIV due to the antipope but reverted to XIII. Repealed the worldwide tobacco smoking ban set by Urban VII and Urban VIII.,"Pietro Francesco Orsini, O.P."
246,"12 July 1730 –6 February 1740(9 years, 209 days)",Clement XIICLEMENS Duodecimus,"7 April 1652 Florence, Grand Duchy of Tuscany",78 / 87,"Motto: Dabis discernere inter malum et bonum (""You shall deign to distinguish between good and evil"")[36] Italian. Completed the new façade of the Archbasilica of Saint John Lateran (1735). Commissioned the Trevi Fountain in Rome (1732). Condemned Freemasonry in In eminenti apostolatus (1738).","Lorenzo Corsini, O.F.S"
247,"17 August 1740 –3 May 1758(17 years, 259 days)",Benedict XIVBENEDICTVS Quartus Decimus,"31 March 1675 Bologna, Papal States",65 / 83,"Motto: Curabuntur omnes (""All will be healed"")[37] Italian. Reformed the education of priests and the calendar of feasts. Completed the Trevi Fountain and affirmed the teachings of Thomas Aquinas; founded academies of art, religion and science.",Prospero Lorenzo Lambertini
248,"6 July 1758 –2 February 1769(10 years, 211 days)",Clement XIIICLEMENS Tertius Decimus,"7 March 1693 Venice, Republic of Venice",65 / 75,"Italian. Provided the famous fig leaves on nude male statues in the Vatican. Defended the Society of Jesus in ""Apostolicum pascendi"" (1765).",Carlo della Torre di Rezzonico
249,"19 May 1769 –22 September 1774(5 years, 126 days)",Clement XIVCLEMENS Quartus Decimus,"31 October 1705 Sant'Arcangelo di Romagna, Papal States",63 / 68,"Italian. Member of the Conventual Franciscan Order. Suppressed the Society of Jesus in the brief ""Dominus ac Redemptor"" (1773).","Giovanni Vincenzo Antonio Ganganelli, O.F.M. Conv."
250,"15 February 1775 –29 August 1799(24 years, 195 days)",Pius VIPIVS Sextus,"25 December 1717 Cesena, Emilia-Romagna, Papal States",57 / 81,"Motto: Floret in domo domini (""It blossoms in the house of God"")[38] Italian. Condemned the French Revolution; expelled from the Papal States by French troops from 1798 until his death. The last pope to be a patron of Renaissance art.",Count Giovanni Angelo Braschi
251,"14 March 1800 –20 August 1823(23 years, 159 days)",S.D. Pius VIIPIVS Septimus,"14 August 1742 Cesena, Emilia-Romagna, Papal States",57 / 81,Italian. Member of the Order of Saint Benedict. Present at Napoleon's coronation as emperor of the French. Expelled from the Papal States by the French between 1809 and 1814.,"Count Barnaba Niccolò Maria Luigi Chiaramonti, O.S.B."
252,"28 September 1823 –10 February 1829(5 years, 135 days)",Leo XIILEO Duodecimus,"22 August 1760 Genga, Marche, Papal States",63 / 68,Italian. Placed the Catholic educational system under the control of the Jesuits through Quod divina sapientia (1824). Condemned the Bible societies.,Count Annibale Francesco Clemente Melchiore Girolamo Nicola Sermattei della Genga
253,"31 March 1829 –30 November 1830(1 year, 244 days)",Pius VIIIPIVS Octavus,"20 November 1761 Cingoli, Marche, Papal States",67 / 69,Italian. Accepted Louis Philippe I as king of the French. Condemned the masonic secret societies and modernist biblical translations in the brief Litteris altero (1830).,Francesco Saverio Castiglioni
254,"2 February 1831 –1 June 1846(15 years, 119 days)",Gregory XVIGREGORIVS Sextus Decimus,"18 September 1765 Belluno, Veneto, Republic of Venice",65 / 80,Italian. Member of the Camaldolese; last non-bishop to be elected to the papacy. Opposed democratic and modernising reforms in the Papal States.,"Bartolomeo Alberto Cappellari, O.S.B. Cam."
255,"16 June 1846 –7 February 1878(31 years, 236 days)(11559)",Bl. Pius IXPIVS Nonus,"13 May 1792 Senigallia, Marche, Papal States",54 / 85,Italian. Opened the First Vatican Council; lost the Papal States to Italy. Defined the dogma of the Immaculate Conception and defined papal infallibility. Issued the controversial Syllabus of Errors. Longest-serving pope since Peter (c. AD 30–64).,"Count Giovanni Maria Mastai-Ferretti, O.F.S."
256,"20 February 1878 –20 July 1903(25 years, 150 days)",Leo XIIILEO Tertius Decimus,"2 March 1810 Carpineto Romano, Lazio, French Empire",67 / 93,"Italian. Issued the encyclical Rerum novarum; supported Christian democracy against Communism. Had the third-longest reign after Pius IX, and John Paul II. Promoted the rosary and the scapular and approved two new Marian scapulars; first pope to fully embrace the concept of Mary as mediatrix.","Gioacchino Vincenzo Raffaele Luigi Pecci, O.F.S."
257,"4 August 1903 –20 August 1914(11 years, 16 days)",St Pius XPIVS Decimus,"2 June 1835 Riese, Treviso, Kingdom of Lombardy–Venetia",68 / 79,"Motto: Instaurare Omnia in Christo (""Restore all things in Christ"") Italian. Encouraged and expanded reception of the Eucharist. Combatted Modernism; issued the oath against it. Advocated the Gregorian Chant and reformed the Roman Breviary.",Giuseppe Melchiorre Sarto
258,"3 September 1914 –22 January 1922(7 years, 141 days)",Benedict XVBENEDICTVS Quintus Decimus,"21 November 1854 Pegli, Genoa, Kingdom of Sardinia",59 / 67,"Motto: In te, Domine, speravi: non confundar in aeternum. (""In thee, o Lord, have I trusted: let me not be confounded for evermore."") Italian. Credited for intervening for peace during World War I. Issued the 1917 Code of Canon Law; supported the missionaries in Maximum illud. Remembered by Benedict XVI as a ""prophet of peace"".",Giacomo Paolo Giovanni Battista Della Chiesa
259,"6 February 1922 –10 February 1939(17 years, 4 days)",Pius XIPIVS Undecimus,"31 May 1857 Desio, Milan, Kingdom of Lombardy–Venetia",64 / 81,"Motto: Pax Christi in Regno Christi (""The Peace of Christ in the Kingdom of Christ"") Italian. Signed the Lateran Treaty with Italy (1929) establishing Vatican City as a sovereign state. Inaugurated Vatican Radio (1931). Re-founded the Pontifical Academy of Sciences (1936). Created the feast of Christ the King. Opposed Communism and Nazism.",Achille Ambrogio Damiano Ratti
260,"2 March 1939 –9 October 1958(19 years, 221 days)",Ven. Pius XIIPIVS Duodecimus,"2 March 1876 Rome, Italy",63 / 82,"Motto: Opus Justitiae Pax (""The work of justice [shall be] peace"") Italian. Invoked papal infallibility in the encyclical Munificentissimus Deus; defined the dogma of the Assumption. Eliminated the Italian majority of cardinals. Credited with intervening for peace during World War II; controversial for his reactions to the Holocaust.",Eugenio Maria Giuseppe Giovanni Pacelli
261,"28 October 1958 –3 June 1963(4 years, 218 days)",St John XXIIIIOANNES Vicesimus Tertius,"25 November 1881 Sotto il Monte, Bergamo, Italy",76 / 81,"Motto: Obedientia et Pax (""Obedience and peace"") Italian. Opened the Second Vatican Council; called ""Good Pope John"". Issued the encyclical Pacem in terris (1963) on peace and nuclear disarmament; intervened for peace during the Cuban Missile Crisis (1962).",Angelo Giuseppe Roncalli
262,"21 June 1963 –6 August 1978(15 years, 46 days)",St Paul VIPAVLVS Sextus,"26 September 1897 Concesio, Brescia, Italy",65 / 80,"Motto: Cum Ipso in Monte (""With Him on the mount"") Italian. Last pope to be crowned. First pope since 1809 to travel outside Italy. Closed the Second Vatican Council. Issued the encyclical Humanae vitae (1968) condemning artificial contraception. Revised the Roman Missal (1969).",Giovanni Battista Enrico Antonio Maria Montini
263,26 August 1978 –28 September 1978(33 days),Bl. John Paul I[39]IOANNES PAVLVS Primus,"17 October 1912 Forno di Canale, Belluno, Italy",65 / 65,"Motto: Humilitas (""Humility"") Italian. Abolished the coronation and opted for the papal inauguration. First pope to use 'the First' in papal name; first with two names for two immediate predecessors. Last pope to use the sedia gestatoria.",Albino Luciani
264,"16 October 1978 –2 April 2005(26 years, 168 days)",St John Paul IIIOANNES PAVLVS Secundus,"18 May 1920 Wadowice, Poland",58 / 84,"Motto: Totus Tuus (""Totally yours"") Polish, first pope of Slavic origin. First non-Italian pope since Adrian VI (1522–1523). Travelled extensively, visiting 129 countries during his pontificate. Second-longest reign after Pius IX. Founded World Youth Day (1984) and the Pontifical Academy of Social Sciences (1994). Canonized more saints than all his predecessors. Youngest individual to start his papacy since Pius IX (1846).",Karol Józef Wojtyła
265,"19 April 2005 –28 February 2013(7 years, 315 days)",Benedict XVIBENEDICTVS Sextus Decimus,"(age 95) Marktl, Bavaria, Germany",78 / 85,"Motto: Cooperatores Veritatis (""Cooperators of the truth"") German. Still alive. Oldest to become pope since Clement XII (1730). Elevated the Tridentine Mass to a more prominent position and promoted the use of Latin; re-introduced several disused papal garments. Authorized the creation of Anglican ordinariates (2009). First pope to renounce the papacy on his own initiative since Celestine V (1294),[40] becoming pope emeritus.[41] Longest-living pope on record.",Joseph Aloisius Ratzinger
266,"13 March 2013 -21 April 2025(12 years, 39 days)",FrancisFRANCISCVS,"(age 88) Flores, Buenos Aires, Argentina",76 / 88,"Motto: Miserando atque Eligendo (""Lowly but chosen"", literally 'by having mercy, by choosing him')[42] Argentine. First pope to be born outside Europe since Gregory III (731–741) and the first from the Americas; first pope from the Southern Hemisphere. First pope from a religious institute since Gregory XVI (1831–1846); first Jesuit pope. First to use a new and non-composed regnal name since Lando (913–914). First pope to visit and celebrate a mass on the Arabian Peninsula.[43] Restricted the celebration of the Tridentine Mass (2021). Second-oldest verified pope in office after Leo XIII.","Jorge Mario Bergoglio, S.J."
267,8 May 2025 -present(10 days),Leo XIVLEO Quartus Decimus,"14 September 1955 Chicago, Illinois, United States",69,"Motto: In illo Uno unum (""In the One, [we are] one"") Dual American and Peruvian citizen; first pope born in the United States, first from North America, and the second from the Americas.[48][49] Second pope from an English-speaking country; the first since Adrian IV (1154–1159).[50] First pope to be born after World War II and during the Cold War.[51] First Augustinian pope.","Robert Francis Prevost, O.S.A"
